-- phpMyAdmin SQL Dump
-- version 5.1.1
-- https://www.phpmyadmin.net/
--
-- Host: 127.0.0.1
-- Waktu pembuatan: 12 Des 2025 pada 05.14
-- Versi server: 10.4.22-MariaDB
-- Versi PHP: 8.1.2

SET SQL_MODE = "NO_AUTO_VALUE_ON_ZERO";
START TRANSACTION;
SET time_zone = "+00:00";


/*!40101 SET @OLD_CHARACTER_SET_CLIENT=@@CHARACTER_SET_CLIENT */;
/*!40101 SET @OLD_CHARACTER_SET_RESULTS=@@CHARACTER_SET_RESULTS */;
/*!40101 SET @OLD_COLLATION_CONNECTION=@@COLLATION_CONNECTION */;
/*!40101 SET NAMES utf8mb4 */;

--
-- Database: `absence_face_detection`
--

-- --------------------------------------------------------

--
-- Struktur dari tabel `app_admins`
--

CREATE TABLE `app_admins` (
  `id` int(11) NOT NULL,
  `username` varchar(50) NOT NULL,
  `password` varchar(100) NOT NULL,
  `is_superadmin` tinyint(1) NOT NULL,
  `created_at` datetime(6) NOT NULL,
  `updated_at` datetime(6) NOT NULL,
  `nik_id` varchar(20) NOT NULL
) ENGINE=InnoDB DEFAULT CHARSET=utf8mb4;

-- --------------------------------------------------------

--
-- Struktur dari tabel `app_inabsences`
--

CREATE TABLE `app_inabsences` (
  `id` int(11) NOT NULL,
  `date_in` datetime(6) NOT NULL,
  `status_in` varchar(20) NOT NULL,
  `created_at` datetime(6) NOT NULL,
  `updated_at` datetime(6) NOT NULL,
  `nik_id` varchar(20) NOT NULL,
  `date_out` datetime(6) DEFAULT NULL,
  `status_out` varchar(20) DEFAULT NULL,
  `schedule_id` varchar(100) DEFAULT NULL
) ENGINE=InnoDB DEFAULT CHARSET=utf8mb4;

--
-- Dumping data untuk tabel `app_inabsences`
--

INSERT INTO `app_inabsences` (`id`, `date_in`, `status_in`, `created_at`, `updated_at`, `nik_id`, `date_out`, `status_out`, `schedule_id`) VALUES
(1, '2025-12-11 13:05:20.000000', 'Terlambat', '2025-12-11 13:05:20.000000', '2025-12-11 13:05:20.000000', '285264254', '2025-12-11 15:05:20.000000', 'Tepat Waktu', 'P001'),
(2, '2025-12-11 14:09:53.000000', 'Tepat Waktu', '2025-12-11 13:09:53.000000', '2025-12-11 13:09:53.000000', '895639563', '2025-12-11 21:09:53.000000', 'Pulang Cepat', 'S001'),
(3, '2025-12-11 07:22:00.000000', 'Tepat Waktu', '2025-12-11 14:34:00.000000', '2025-12-11 14:34:00.000000', '986874534', '2025-12-11 14:45:00.000000', 'Tepat Waktu', 'P001'),
(4, '2025-12-11 07:21:17.000000', 'Tepat Waktu', '2025-12-11 15:35:17.000000', '2025-12-11 14:35:17.000000', '684535', '2025-12-11 14:40:17.000000', 'Tepat Waktu', 'P001'),
(5, '2025-12-11 21:47:12.000000', 'Terlambat', '2025-12-11 14:37:12.000000', '2025-12-11 14:37:12.000000', '968354235', '2025-12-11 07:10:12.000000', 'Tepat Waktu', 'M001'),
(46562, '2025-12-10 00:00:00.000000', 'Libur', '2025-12-08 05:14:17.000000', '2025-12-08 05:14:17.000000', '684535', '2025-12-10 00:00:00.000000', 'Libur', 'LIBUR'),
(46563, '2025-12-12 00:00:00.000000', 'Cuti', '2025-12-08 05:27:39.000000', '2025-12-08 05:27:39.000000', '968354235', '2025-12-12 23:59:59.000000', 'Cuti', 'CUTI'),
(46564, '2025-12-10 00:00:00.000000', 'Cuti', '2025-12-08 05:32:23.000000', '2025-12-08 05:32:23.000000', '2142101951', '2025-12-10 23:59:59.000000', 'Cuti', 'CUTI'),
(46565, '2025-12-11 00:00:00.000000', 'Cuti', '2025-12-08 05:32:23.000000', '2025-12-08 05:32:23.000000', '2142101951', '2025-12-11 23:59:59.000000', 'Cuti', 'CUTI'),
(46566, '2025-12-17 00:00:00.000000', 'Cuti', '2025-12-08 06:17:28.000000', '2025-12-08 06:17:28.000000', '3685362', '2025-12-17 23:59:59.000000', 'Cuti', 'CUTI'),
(46567, '2025-12-18 00:00:00.000000', 'Cuti', '2025-12-08 06:17:28.000000', '2025-12-08 06:17:28.000000', '3685362', '2025-12-18 23:59:59.000000', 'Cuti', 'CUTI'),
(46568, '2025-12-17 00:00:00.000000', 'Cuti', '2025-12-08 06:29:55.000000', '2025-12-08 06:29:55.000000', '684535', '2025-12-17 23:59:59.000000', 'Cuti', 'CUTI'),
(46569, '2025-12-08 13:31:08.000000', 'Tepat Waktu', '2025-12-08 06:31:08.000000', '2025-12-08 06:31:08.000000', '2142101951', '2025-12-09 08:02:12.000000', 'Tepat Waktu', 'S001'),
(46570, '2025-12-13 00:00:00.000000', 'Cuti', '2025-12-08 06:44:21.000000', '2025-12-08 06:57:56.000000', '2142101951', '2025-12-13 00:00:00.000000', 'Cuti', 'CUTI'),
(46571, '2025-12-09 08:06:36.000000', 'Tepat Waktu', '2025-12-09 01:06:36.000000', '2025-12-09 01:06:36.000000', '2142101951', '2025-12-10 11:03:15.000000', 'Tepat Waktu', 'S001'),
(46572, '2025-12-11 00:00:00.000000', 'Libur', '2025-12-11 06:08:56.000000', '2025-12-11 06:08:56.000000', '63543545', '2025-12-11 00:00:00.000000', 'Libur', 'LIBUR'),
(46573, '2025-12-15 00:00:00.000000', 'Cuti', '2025-12-12 01:19:18.000000', '2025-12-12 01:19:18.000000', '2142101951', '2025-12-15 23:59:59.000000', 'Cuti', 'CUTI'),
(46574, '2025-12-16 00:00:00.000000', 'Cuti', '2025-12-12 01:19:18.000000', '2025-12-12 01:19:18.000000', '2142101951', '2025-12-16 23:59:59.000000', 'Cuti', 'CUTI'),
(46575, '2025-12-12 10:44:40.000000', 'Tepat Waktu', '2025-12-12 03:44:40.000000', '2025-12-12 03:44:40.000000', '77777777', NULL, NULL, 'S001');

-- --------------------------------------------------------

--
-- Struktur dari tabel `app_outabsences`
--

CREATE TABLE `app_outabsences` (
  `id` int(11) NOT NULL,
  `date` datetime(6) NOT NULL,
  `status` varchar(20) NOT NULL,
  `created_at` datetime(6) NOT NULL,
  `updated_at` datetime(6) NOT NULL,
  `nik_id` varchar(20) NOT NULL
) ENGINE=InnoDB DEFAULT CHARSET=utf8mb4;

-- --------------------------------------------------------

--
-- Struktur dari tabel `app_users`
--

CREATE TABLE `app_users` (
  `nik` varchar(20) NOT NULL,
  `name` varchar(100) NOT NULL,
  `divisi` varchar(50) DEFAULT NULL,
  `photo` varchar(100) NOT NULL,
  `created_at` datetime(6) NOT NULL,
  `updated_at` datetime(6) NOT NULL,
  `email` varchar(254) DEFAULT NULL,
  `is_admin` tinyint(1) NOT NULL DEFAULT 0,
  `password` varchar(100) NOT NULL DEFAULT 'default@belum_ada_email.com',
  `face_encoding` longblob DEFAULT NULL
) ENGINE=InnoDB DEFAULT CHARSET=utf8mb4;

--
-- Dumping data untuk tabel `app_users`
--

INSERT INTO `app_users` (`nik`, `name`, `divisi`, `photo`, `created_at`, `updated_at`, `email`, `is_admin`, `password`, `face_encoding`) VALUES
('2142101951', 'Henoch Yanuar Ari Swasono', 'IT', 'static/img//2142101951_F21R6y8.jpeg', '2025-12-05 02:09:45.000000', '2025-12-05 02:09:45.000000', 'henochyanuar13@gmail.com', 2, 'pbkdf2_sha256$600000$ozSPmEubZU0uNofPNA7bCo$ysF7LJBBfkPpB3EZYBSuCWF/hcPH9pDZMxKkuUO36TE=', 0x8004958b040000000000008c156e756d70792e636f72652e6d756c74696172726179948c0c5f7265636f6e7374727563749493948c056e756d7079948c076e6461727261799493944b0085944301629487945294284b014b80859468038c0564747970659493948c02663894898887945294284b038c013c944e4e4e4affffffff4affffffff4b00749462894200040000000000c09650c4bf0000008059beaa3f000000e08b66b03f000000e07ea296bf000000c01e40663f000000804a4492bf0000000033818cbf000000e02093bebf000000e0fbb5be3f00000040ea04b7bf0000002059d9d13f000000c03fd0943f000000c0f579d0bf000000c0dbd3b8bf000000e0cc989dbf000000c04eacba3f0000006024b1c4bf0000006083bcb3bf000000c0119bb3bf000000c04287a0bf0000004075c2bd3f0000000029b072bf00000020b65f663f0000006061d4ac3f00000080668db7bf000000005841d3bf000000409d80bbbf000000a0fb24bcbf000000a0cee5a13f000000201224aabf000000e0197ab1bf00000000b6e2a9bf00000000e980c9bf000000c091229fbf000000005147a8bf00000000aa886c3f0000008008f1af3f000000002c7a99bf000000e0162ec13f0000004036d0afbf000000a09416c9bf000000c094019fbf000000406f8cb33f000000a0762ac83f000000c07b8fc83f000000c0ee4baa3f0000000086fd963f000000403f91a4bf00000060f0bc973f00000080f118cebf000000a0201fb23f00000040ab77c03f000000202236be3f000000c0269fa83f00000000d507ac3f000000c0ca16cabf00000000b9049fbf000000c0e553b73f00000040335eb7bf00000060c538b13f000000c0dd88a23f000000600fc6a5bf000000803801913f000000003354973f000000a03adbc93f000000408b14b13f000000c03d0fc5bf00000060ba36bdbf00000000bfb5b63f0000006090e1c2bf000000a027ae83bf000000a03316b43f000000e0584cc4bf000000802834ccbf00000060492cd3bf000000803fc5b03f000000a096acde3f000000c04a99c43f000000a0744bc8bf000000a05c1ab03f000000405c7bc8bf000000c0aa068dbf00000000baa1c33f000000c0d9cbae3f0000008046fe9c3f000000009cdd573f000000406b45c3bf00000080ecfeae3f0000008023a5c63f00000040751480bf000000e00154a2bf00000060ad24ca3f000000a045cc9dbf000000c0712f973f00000080742a9ebf000000c05ee2bc3f00000000355aadbf000000c0c6ec773f00000040415cb0bf00000000e47c923f000000a08fe5863f000000407bc7833f0000000089c859bf000000007c3eb63f000000008a87c3bf00000040ed01b83f00000080ceeaa53f000000a066fe8f3f00000000da026bbf0000000099dd853f000000c0f9a4b4bf00000040df0387bf000000404fb5b23f00000000e733d1bf00000000af9bca3f000000c01883c63f000000403576613f000000003d34c33f000000406062a83f000000404172af3f000000c036c8993f00000060de0fb0bf00000020f5ebc4bf00000020d2eaafbf000000a008a5a43f00000020c213a5bf00000060094cbe3f000000c05121853f947494622e),
('285264254', 'Riska', 'IT', 'static/img/285264254.jpeg', '2025-12-01 03:03:18.000000', '2025-12-01 03:03:18.000000', 'riska@gmail.com', 0, 'pbkdf2_sha256$600000$lRTuv1qPpJax9A5yLkvd4y$YSU266lKe419fNkgkn+Hdi+25zqPjL3E8SfgjA6Fl60=', 0x8004958b040000000000008c156e756d70792e636f72652e6d756c74696172726179948c0c5f7265636f6e7374727563749493948c056e756d7079948c076e6461727261799493944b0085944301629487945294284b014b80859468038c0564747970659493948c02663894898887945294284b038c013c944e4e4e4affffffff4affffffff4b00749462894200040000000000603639a9bf000000c05380b33f000000c0b292b63f00000060f854abbf00000060fa58b1bf00000020e67195bf000000a0392f98bf000000801c19a8bf00000040448cc63f000000c0c5abc0bf000000402963cd3f0000000096379ebf00000020f24ac7bf000000803f95b0bf000000a0f40c8d3f0000008070dec43f000000a068a8bfbf00000080a398bebf000000404330adbf000000007dbaa63f000000e02a37c13f00000080c2604bbf000000e0c75c8c3f000000e0a1f995bf000000c0f646c3bf000000000599d6bf000000a07ec5c3bf000000009f1670bf000000007f7395bf00000020faadb1bf000000404635b1bf00000080e010a23f000000001371c7bf000000e0caeab8bf000000a0e6ea8f3f00000060c0fab53f00000000004e7c3f00000020f3ccb7bf000000004ad0c13f0000008079d3703f000000c02673d2bf000000c01906b53f000000e0a04ca23f00000060145dcf3f000000c008dcc43f000000e0114e943f000000401aa6753f000000408ffbbdbf000000c0d996b93f000000204906c8bf00000000ff7fa73f00000020ad3bbc3f0000000028dab33f00000020b58ab53f000000a0552e7b3f000000008271b0bf00000060aba0aa3f0000002061e8bc3f000000001d69c8bf00000000ca5f83bf000000004c71a83f000000200a64b3bf00000020ff45963f000000a0a77eb4bf000000409326c03f000000e062d4b43f000000600446b4bf000000e0ec14cabf000000e05835b93f000000400368c1bf000000004b0fa4bf00000000454cba3f00000080be32c7bf000000203bfbcabf00000080188dd5bf000000c0c7ae823f00000020dae9d73f000000406a79ba3f00000040b8a1c6bf000000408c10a03f000000808a07b1bf000000a0ce3e793f000000409309bc3f00000000547bc03f000000a0d80ca73f000000a07284b23f000000804916b5bf000000e0c017b13f000000e0dfcbd13f000000e03284bbbf0000004060e2afbf000000c00a41d03f00000000f7d5a13f000000e06715ae3f00000000e869933f00000020b9abb33f00000000c0f8683f00000040bc32a13f000000e06e23c4bf0000008070f0983f000000e081e4ac3f000000a00b72aabf000000c0976aa3bf000000c0239fc13f000000201352cabf00000060b3b4bc3f000000c0cf979c3f000000003cec8f3f0000008015a79d3f00000000a02e7c3f000000a08f65bbbf000000402203b9bf00000000033cbe3f00000000a806d0bf000000e015ebc13f000000a0dd2fd03f00000040af25953f0000008018d0b33f00000060a5afb03f000000200284ae3f00000000480324bf000000a02c8aabbf000000a0be87c7bf00000060193880bf00000060b05db43f00000080a04da33f000000404a7fa93f000000606f77913f947494622e),
('3685362', 'Nova', 'KSRK', 'static/img/3685362.jpeg', '2025-12-01 03:12:25.000000', '2025-12-01 03:12:25.000000', 'nova@gmail.com', 0, 'pbkdf2_sha256$600000$ZpgVF16PB4vRJPUSfgVsi0$qQ/H29ldiYUFb9IKBoJtHEb5wXBk7AuIYhyg6JTzQ10=', 0x8004958b040000000000008c156e756d70792e636f72652e6d756c74696172726179948c0c5f7265636f6e7374727563749493948c056e756d7079948c076e6461727261799493944b0085944301629487945294284b014b80859468038c0564747970659493948c02663894898887945294284b038c013c944e4e4e4affffffff4affffffff4b00749462894200040000000000c0e114c6bf00000020f4dbb53f00000000b278b73f000000e0b55cb6bf000000a0215dc3bf000000e0a532c1bf000000a0299ba8bf000000a0178ec3bf000000407aeac43f000000207428b9bf000000a01764d03f000000403d2cb6bf000000008862c7bf000000a0d360b3bf0000004074dca2bf000000208c20cd3f000000203b39c7bf00000060db12c0bf00000020be9082bf000000e095c481bf000000a05c00b73f0000002072d0b1bf000000402964a63f000000a08a5fbd3f00000080d121b8bf000000400e9ad7bf0000002077eac1bf00000080d2edb5bf000000e06a5faebf000000002a4799bf000000c00733aabf000000c055b3b63f00000060f50ac7bf000000c0d446bcbf0000004053f287bf00000080df14b03f0000008031e9aa3f000000c0af6bbabf00000080a09ac03f00000080a092aebf00000060d1b6d2bf000000a064aa9abf00000020a79ec13f00000060de3aca3f00000060a1c7cf3f00000020a1d2a73f00000000c1079e3f000000a08fbab6bf000000600c3ab63f000000005f47c3bf00000080184d72bf000000000717a43f000000009a22ba3f00000040c1ee7ebf00000060028da43f00000080d1ebc7bf000000e04ef7883f00000040c9b9c13f000000c0f611c4bf000000e05c60b0bf00000080f9b79a3f000000a0f14dbebf000000806c3275bf000000c0afdababf00000020e2ffd43f00000040a659c63f000000404741b8bf000000e00fddc0bf00000060a4f5cc3f00000080d5e6bbbf0000008070d3b1bf00000020b0c5a53f000000c07254c9bf000000e009a3c3bf00000040c92ed7bf000000600b6398bf000000404e8bd53f00000080f4c9b63f000000c060e5c9bf00000040bd60a13f000000401255b9bf000000602a5cb83f00000000a866b03f0000002062adc23f0000000010d6303f000000a03221893f000000a04f0bc0bf00000080620db6bf00000000db66c93f0000000029bfb0bf00000080a44a92bf000000c0a5d4cc3f000000c0353b73bf00000020ec2e803f00000020e3529b3f000000e0cfb4943f000000e07fafb8bf000000a0458d9d3f00000040ddebc7bf00000060c1f1a3bf00000040de01893f00000080eaf674bf000000207d368bbf000000601b18c33f000000e0de70cdbf00000080723f96bf0000000058dc7abf000000a00156883f000000c0c35ba5bf0000008052be5c3f000000c020309ebf0000006036acb9bf00000000484cb63f000000a02effccbf000000003904c43f000000007ab8c83f00000080a785673f00000060a0bdc53f000000a0846cb23f00000080cff4b63f000000c05a729ebf000000409845adbf000000e0974ac2bf000000a0bf599e3f000000a07d2fc33f000000a0ed89aabf000000c0449eb63f000000605f7aaf3f947494622e),
('63543545', 'Mareta', 'IT', 'static/img/63543545.jpeg', '2025-12-04 10:15:23.000000', '2025-12-04 10:15:23.000000', 'mareta@gmail.com', 0, 'pbkdf2_sha256$600000$l0k9G50T5PuZREecWTnvRc$B0Tm87x0rrT+GWx2p+vHvC+JjbCIfm9iFukLog3+JxQ=', 0x8004958b040000000000008c156e756d70792e636f72652e6d756c74696172726179948c0c5f7265636f6e7374727563749493948c056e756d7079948c076e6461727261799493944b0085944301629487945294284b014b80859468038c0564747970659493948c02663894898887945294284b038c013c944e4e4e4affffffff4affffffff4b00749462894200040000000000c04facb2bf0000008073e7b63f000000a0930fb93f00000040969fa8bf00000020623098bf0000000067784cbf000000603e1295bf000000206410bebf00000060adc6c63f00000020e824c5bf00000040a377cb3f00000000f848b3bf0000000010e2c7bf000000e088eea4bf0000004085a3a3bf00000000bf4fc63f0000002010f5c1bf000000a0ddf3c5bf000000004547b6bf000000c0d557b3bf00000020894ba13f000000c0558a98bf000000e02cc6953f000000e01f3d963f0000000003e6b4bf000000406bead7bf000000a0f675b8bf0000008035b0b3bf000000802b8ba7bf0000006020beb2bf000000000dcab2bf0000006003f7a43f00000020bb3dc8bf000000204caf99bf00000080616595bf00000080a9c8c13f000000407909afbf000000c0afdfb6bf0000000026efc73f00000000bc5d94bf00000060be76c5bf000000809e24833f0000008020b0a43f00000060771bcd3f000000e07574c63f00000020c132ac3f000000804bb081bf000000605dd1c1bf000000608f25be3f000000e08ed1c7bf00000040ec07b13f000000209281c13f000000201105a63f0000008078c2b73f000000a0e328a83f000000c055b6babf00000040383f9b3f000000006adeb93f000000802a83bfbf000000000c3b82bf000000204ba5a23f000000c092a8c3bf00000040e1e6a3bf0000004093d2bcbf000000409d9bd13f000000c0a2a9c43f000000802a69b4bf00000060a6d7c2bf000000c018f5c33f000000404ccabebf000000c06764b7bf0000000031b590bf000000200d2ac0bf000000c07ff2c3bf000000402303d2bf000000c07431ac3f000000a08239d93f000000e05011b93f000000607387c4bf000000000a51b73f0000002086f1aebf000000402d8c9abf000000407ec0c13f000000c08359c63f000000404a12a1bf00000080d22a9c3f000000a0372bb4bf000000e0067e953f000000402bd1cb3f000000e003f6b0bf000000a030c1aebf000000000218c23f000000602afcb4bf000000807d60b53f000000e0ab5da03f00000040f07595bf000000c08486b6bf0000002018f6b63f000000000ccfc5bf0000008069f577bf0000002015b8a03f000000e0ecae8ebf000000401130a6bf000000c0c6d0b13f000000e0880ac2bf00000080532fb03f00000080866e81bf000000c0501c84bf000000203bd4a63f00000080c80798bf00000080ad1bbcbf000000c0a5ecb5bf00000040aaa0c03f000000c07e5ed1bf0000006019acc73f000000200b27c53f000000e067068f3f000000e06cd3c63f000000a02abec03f00000000b716c23f000000c09bef9f3f0000004011af71bf0000006095b5d0bf000000e088b58c3f000000807108c13f00000020583cb53f000000a0c894ac3f000000a0cc02aa3f947494622e),
('684354324324', 'Pether Surya', 'IT', 'static/img/684354324324.jpeg', '2025-11-30 14:56:54.000000', '2025-11-30 14:56:54.000000', 'pether.surya.p@gmail.com', 0, 'pbkdf2_sha256$600000$bbJ96c9hTv12VAu8iisqaQ$sYWoUg1PvNRYZ/MGeWFqp5ixuakxQZSi3RqevsTALRE=', 0x8004958b040000000000008c156e756d70792e636f72652e6d756c74696172726179948c0c5f7265636f6e7374727563749493948c056e756d7079948c076e6461727261799493944b0085944301629487945294284b014b80859468038c0564747970659493948c02663894898887945294284b038c013c944e4e4e4affffffff4affffffff4b00749462894200040000000000e09af5b6bf000000e045bca33f000000803e709e3f0000008027d7b5bf000000c029ffc1bf00000000c88a413f000000c0e6c0b3bf000000605d0fb4bf000000408e99c63f000000400ab4c3bf000000202a64ce3f000000c0406c7ebf0000006061f8cabf000000204032a2bf000000c09fc6b6bf00000020faefc33f000000a0a785c1bf00000000b1b2babf0000008044b17dbf000000403b55883f00000080dd23b43f000000a0df2ba0bf00000020627fa4bf000000e0e840933f000000a0fc93b9bf00000040879dd7bf000000c0d732bbbf00000080fb28b5bf00000080c3a06b3f000000e09c9098bf000000e0f0aab4bf000000e0f0a099bf00000060ce47c9bf000000c0f316a8bf000000609c2f84bf000000c0b49ba33f00000020f7b78bbf0000008024b8afbf00000060777fc23f000000e004dc813f00000000103dcebf0000004042ffa4bf00000040cc589c3f000000608d38c93f000000604dfdc23f0000008071be9a3f00000080243fab3f000000405529c2bf0000004087cbba3f00000060ed2ec9bf00000000bf91ad3f00000000330fb73f000000e0ff29ad3f000000c076f2af3f000000009807493f000000e07256c0bf00000000798b763f000000000478c33f000000a0377dc0bf00000020c0b3ac3f000000201f3db03f000000a07b9bb3bf000000006632a2bf00000060d692b5bf000000c09813d23f000000803d83b63f00000000d5abc0bf00000020c8b4c3bf000000a0ac90c53f00000020f9b5bebf000000a0fea9a6bf000000005fdf993f0000000041e5bfbf00000060d93acabf00000020ee31d4bf000000600969b03f000000402397dc3f00000060c67bc73f00000040a95ac3bf00000040baaaa23f000000407945c3bf00000080d744703f000000e0ceb9c23f000000c080a8b73f00000020d1fe9a3f0000000037be9a3f000000a056b1b3bf000000e03cbc973f00000060f088d03f000000809a61b3bf0000002065ed92bf00000000549fc93f00000040da57a3bf00000000a97fb83f000000405c4390bf000000a0e7f5b13f000000e077e8b8bf000000e007b59d3f000000c0804ebcbf000000e0f96d81bf000000c0fa9cac3f000000401b1da4bf00000040ab60a53f000000e0d563c03f00000080df11c6bf000000c08872b43f000000a01bff803f000000c0db5c823f000000002110ae3f00000020e235923f00000040fc85bbbf00000040948fb9bf000000604275bf3f000000e0d42cccbf000000406820cd3f000000a051dfc33f00000060df51bd3f0000002084ccc43f00000020573dc13f00000000e925a63f00000000a2ea5abf000000a0d87bb8bf0000004060d0c8bf000000a0a58c80bf000000403fb7b13f00000000bf84583f000000007627b93f0000000015e9943f947494622e),
('684535', 'Lexca', 'IT', '/static/img/684535.jpeg', '2025-12-01 02:57:23.000000', '2025-12-02 04:44:14.000000', 'lexca.helga.f@gmail.com', 1, 'pbkdf2_sha256$600000$tIORLyZCIukpAXz9VF6QV8$6JPOpuYrHoDDVtjAb/fEflN0CufNuNxjAdW1c7oXVwM=', 0x8004958b040000000000008c156e756d70792e636f72652e6d756c74696172726179948c0c5f7265636f6e7374727563749493948c056e756d7079948c076e6461727261799493944b0085944301629487945294284b014b80859468038c0564747970659493948c02663894898887945294284b038c013c944e4e4e4affffffff4affffffff4b00749462894200040000000000a08760bfbf00000040dcbe7a3f000000007cc9a23f00000040d3169bbf00000000813f83bf000000c02385a4bf000000809119893f000000e0e371c0bf0000006006b5c73f00000040ff3cbdbf000000001be0d23f0000000050e9a2bf00000080c349c6bf000000c01fcec5bf00000060aa4c983f000000e034c5c53f00000020178ac7bf000000c07237c3bf000000e064abb7bf00000040fb026fbf00000040f737b83f00000060f0388cbf000000e017949b3f00000080530b8a3f0000002043edc0bf000000405ad4d7bf00000000e0e6b9bf000000009775b4bf000000e098489d3f00000020401dc0bf0000006042ce93bf00000060203db13f00000060b931d0bf00000000584eb9bf00000040e976993f000000c08b34c13f00000080abc0803f000000a06fff9abf0000008026dfc33f000000e01fa5863f000000209fa4cabf000000209bf68fbf000000c0dd2ea03f00000080e94dcf3f000000406ed7c63f000000c02e0eb43f000000a0dde29dbf000000c052a1bfbf000000a036f9b93f000000c02f45cabf000000e0d04cab3f000000807cb3b53f000000a07375b03f000000607128b43f00000000c24d8bbf00000080ba20c0bf0000004090fd943f0000004021b6b43f00000080e19ec9bf00000080f59e803f000000c046ce9e3f00000020ba44bebf00000040919bb8bf000000e0f2ed93bf000000c0bd52c83f000000009e9eb83f000000c0c8b0b7bf000000400f61c7bf000000e0df86bb3f000000a053f0c2bf000000007106a9bf000000c07459b53f000000a057d7c2bf000000e05d68c8bf000000204aa1d5bf00000000606c2bbf000000e0b8b6d73f00000060c683873f00000080345fcebf000000a0069b8a3f00000020606996bf00000000d1c86ebf000000c0a121c13f0000000015a0c43f000000607488a33f00000020e6cab33f000000a067d6b9bf000000009bcca03f000000408a9bc93f00000000c9d5aebf000000609d77a2bf0000008070efcc3f000000605f34a0bf0000004041bca73f0000002071a4ab3f000000806715a93f000000c068d590bf00000080a3be8b3f000000c0b1fec5bf00000020ff3eb6bf000000609b04b73f0000000086c3ad3f000000c091c0a3bf00000080b906b73f000000a0b7b0c0bf000000c05c7cc23f00000040348d913f00000000808d163f000000405c45a53f00000040f00dbabf000000a0ac19adbf000000e02891babf000000c0bfc6b93f000000e0e255cdbf000000806550c73f000000e0d53ccd3f000000006b97913f000000605d8ac03f000000606a93a23f000000e0be1bb33f00000000ef0984bf00000000fb93973f000000002579ccbf000000c02103943f000000609106b53f0000008071918d3f000000e0503ba53f00000080f26cafbf947494622e),
('77777777', 'Pak Sebo', 'IT', 'static/img/77777777.jpeg', '2025-12-12 03:41:54.000000', '2025-12-12 03:41:54.000000', 'test@gmail.com', 0, 'pbkdf2_sha256$600000$gOt2K4PlmK2Ywk4aJHkgrT$mju1DwnnjgbHSEJcEdRupyJCeki/qo10xHPpqNXLFj0=', 0x8004958b040000000000008c156e756d70792e636f72652e6d756c74696172726179948c0c5f7265636f6e7374727563749493948c056e756d7079948c076e6461727261799493944b0085944301629487945294284b014b80859468038c0564747970659493948c02663894898887945294284b038c013c944e4e4e4affffffff4affffffff4b00749462894200040000000000604275bbbf000000608dcab73f000000c02553c03f000000807c64a93f00000060be1c7dbf00000060d3f9b6bf000000003718a3bf000000406afbbebf00000040db41bf3f00000080bb5bb6bf000000a00a19d13f00000060946bb4bf000000a021bcc6bf000000404fdabfbf0000008002a780bf000000806330c33f000000a01b84c2bf000000604d31b7bf00000040b5c7aabf000000e09c08a9bf00000020c755b43f000000e0181c873f000000c062cfa13f00000060adb983bf00000060b25eb3bf000000004589dabf000000a05018c0bf000000408f0dbabf000000006321b63f000000a013d9563f000000c0b39db2bf000000c05d85a13f000000400ae8c7bf000000607b3ab9bf000000c0ccb2923f000000c0b27fa33f000000800428983f000000000a7b63bf000000a058c2c63f000000c02cb6a2bf000000e0b6b7c7bf000000406ef2963f00000020beea843f000000c01f41cd3f00000000280acb3f000000e0a04ab53f000000809b42993f000000402282bfbf000000804de7ad3f000000e0e444c0bf000000c0016f9cbf000000c00190c23f000000c0ed05b03f00000040c8cfb03f00000000f1fb77bf000000c08e2abcbf000000c073c27bbf000000c0a4b8883f00000020b733c3bf00000000efd096bf000000c00ffea23f00000020d20bc4bf00000000c2d8a5bf000000604faea2bf000000809789ce3f000000c0b267663f0000006068aababf000000c0ac15bfbf000000007303c43f000000a0b0e0c2bf000000c08de3923f000000c09afdac3f000000c05f33c3bf00000040142fc0bf00000020b81bd6bf000000c0a830a13f00000040c295dc3f00000040ed439b3f000000602bb3c8bf000000208f0ab13f000000605e2ac0bf000000e08421893f000000606faec03f000000e0f979bf3f00000000c5cc70bf000000004c2b4f3f000000a09903b7bf000000001b32773f0000004077cac63f000000e026e3b7bf000000c0c6019ebf00000020f794c23f00000080b6a4a2bf000000c0a8a8bc3f00000080dd3ca53f00000000dfe1ac3f00000080915fadbf000000c0584794bf00000020321cbabf00000040d7b2823f000000e0214da43f000000203788a1bf000000002022f23e000000c0009ab53f000000801232c4bf000000402f38b93f00000080848aa03f00000080858f653f000000802c59a73f000000e0e1897abf000000c0787cb0bf00000040bbcbb6bf000000a0f645c03f000000008831cfbf000000c03380c93f00000060daaaca3f00000060bbd08abf000000a08271c53f000000a0687baa3f00000080ed04bb3f000000c0918db5bf00000080402c6ebf00000000182bc5bf000000605a61a6bf000000e0f73dab3f000000c0aa55893f000000a044efaf3f00000040e4dc91bf947494622e),
('895639563', 'desanta', 'IT', 'static/img/895639563.jpeg', '2025-12-06 04:55:16.000000', '2025-12-06 04:55:16.000000', 'desanta@gmail.com', 0, 'pbkdf2_sha256$600000$EGaAKjr3ZBPC90eThlgpJ2$NW7yx7cQOOFlweDv7g3yo4+KGOIzO+KBbTaLuZp4w30=', 0x8004958b040000000000008c156e756d70792e636f72652e6d756c74696172726179948c0c5f7265636f6e7374727563749493948c056e756d7079948c076e6461727261799493944b0085944301629487945294284b014b80859468038c0564747970659493948c02663894898887945294284b038c013c944e4e4e4affffffff4affffffff4b0074946289420004000000000020a017bcbf00000060fb54b33f00000060addfac3f00000060360fa3bf0000006071a9b1bf000000800fc4b1bf0000004058faaebf00000020a242b4bf000000e0632ec43f000000c0759bbcbf000000800227cb3f00000040a5d7b4bf000000007c8dc8bf000000a0c4e0a3bf000000a0bab77dbf00000040b73dc63f000000c0bb1dc1bf000000e0803fb3bf0000008041859cbf000000c007b0963f000000001558bb3f00000060bbd4a5bf0000002008dab23f00000080fdc7ac3f000000806ed2b8bf000000207f5fd6bf00000020d6f5c3bf000000205cd7b9bf00000000c58ba0bf000000208aabb7bf000000e049cba2bf000000e09bcca63f000000a062a9c1bf00000060844ea0bf000000c0068988bf000000c090cbb93f000000606ac29cbf000000200ec6bdbf000000a01fd3c83f00000080a7ff9bbf0000002004decabf00000040c850b0bf000000a06bbb953f0000000048efc93f000000a07116c33f00000020c8fcb23f000000005bfeab3f000000e045c8bebf00000040b7f2b13f00000080c54cc4bf00000000bbca663f0000004011c2bf3f00000000956c4cbf000000a0b819ae3f000000808151973f000000e0444abdbf000000a0ea3ab43f000000204739b73f000000c0390fc3bf000000805517b1bf00000000325caa3f000000c03a9cb3bf00000060e6d77dbf00000080a171acbf00000000600ed43f000000a0eeb1be3f0000002027cfbbbf000000c04bdac0bf000000409abbc43f00000040b8edb9bf000000e054f3a9bf000000a07f4bab3f00000040767dc5bf000000e0f192c7bf00000060fcd0cfbf00000000d4aa97bf000000c040dcd73f000000e0b0a8aa3f00000020e99ec0bf0000004076f4b13f00000080fd24c5bf00000060b59aa2bf0000002088b3b63f000000a05b42bf3f0000008060819c3f00000080d08177bf000000a03637bdbf00000000a5885dbf000000c0a4c1cf3f0000004001d8c1bf00000020a573933f000000e0610fc23f00000000541e7cbf00000080e914a23f000000a0bf1f96bf00000000b9dc783f000000407cebb4bf000000e083b4b53f000000a0b960b9bf0000006044047c3f00000020551ba83f0000008084439cbf00000000cd3eaabf0000000081aeb63f000000c0f55fcbbf000000c01d3ab23f0000002037d2a93f00000080c774a8bf000000a0d3348f3f000000a01b2da5bf0000008058c6c3bf000000c0995fb3bf000000204bd6c03f00000060019ad1bf00000020739bc73f000000403a59c73f000000c0b2cd9b3f00000080d6c8c23f00000080603bb63f00000060c5d9c23f000000006e1175bf00000000ae5da8bf000000609911ccbf00000080b481663f00000040b43ebd3f000000406b49b03f000000c03b93813f000000e06c86813f947494622e),
('968354235', 'nessa', 'IT', 'static/img/968354235.jpeg', '2025-12-01 02:49:22.000000', '2025-12-01 02:49:22.000000', 'nessa@gmail.com', 0, 'pbkdf2_sha256$600000$0EmdQWnE0wg1CtfhiIvneC$3Bu9uwHYHAOxd2t983KANtSUb7pUkPXpsK29t8O1pP8=', 0x8004958b040000000000008c156e756d70792e636f72652e6d756c74696172726179948c0c5f7265636f6e7374727563749493948c056e756d7079948c076e6461727261799493944b0085944301629487945294284b014b80859468038c0564747970659493948c02663894898887945294284b038c013c944e4e4e4affffffff4affffffff4b00749462894200040000000000e0f95abebf000000208660aa3f00000040bdfb8b3f000000c01debb8bf000000e0757ba0bf00000060a5b2b2bf00000000e7e493bf000000c0a46dc3bf0000000070e1c53f000000a07cdfc2bf0000004003c4d03f000000a06752bcbf00000020a335c5bf000000806f24bebf000000c0dba294bf000000e09b7ece3f000000a0e021cabf000000808199c7bf00000060f7b4b3bf000000c0fb5080bf0000002038a0b13f000000400ffcb0bf0000000002b6823f00000020c358bd3f00000020ce01c0bf000000802b2bd5bf0000000064a8bebf000000007aa6a6bf000000c09e7e9cbf000000a0abebb1bf000000207b65aebf000000005e72943f000000a0542cd0bf000000200db7b0bf00000000382755bf00000000dd5eb53f00000040a91e8dbf000000e0c38ab9bf000000e0aa17c63f00000000ce1290bf000000e00295d0bf000000c01a8fa03f0000000052c1b03f000000a023b8cc3f000000e05bb3c43f0000008003849c3f00000080fa8f693f000000205c9ec7bf000000e09039ba3f00000080199ec5bf00000080fdda923f000000c02d2fc33f000000609be48f3f000000400d15a73f000000c028aa9dbf0000000037c2b1bf000000c066ed713f000000a0b214c33f00000000b8debebf000000e0cb9f7dbf00000020734abc3f000000808bddb6bf000000005ce1a9bf00000020d144c7bf00000040ea5ed03f000000c08d40bf3f00000000918dc2bf00000040392ac8bf000000e0aeafc13f000000a0fc1bbfbf000000a0d91fb3bf000000604297a13f000000c0a2d2c0bf000000809890cabf000000a09e2ad5bf00000000f616903f000000e057f9d33f000000c04442b63f000000403683c6bf00000060d6cdb43f00000060fe8bb8bf0000000000d7a23f000000e0780dbe3f000000e027dcc83f0000008070a1a43f000000606358b13f000000800538b1bf00000040ea358b3f0000004058dfcd3f000000e09d12aebf00000000bddb993f000000a0f3f3cd3f000000a0c644a6bf000000c053b0a43f000000002afa68bf00000080639e9b3f000000c0fab9b4bf000000a0eee1ad3f000000209111c1bf00000000ea75a33f00000040b114923f00000000dd57a33f00000000055c563f0000008089ceb93f00000020b2d2bcbf000000407a42b73f000000001ebf4f3f000000204309a33f000000201fc2a43f0000000003e8693f000000a009d9b0bf000000a05172c3bf000000005f6baf3f0000006005b8cebf0000008053d5c53f00000060d5d4c53f00000080516cae3f000000e0e776b83f00000040b162bd3f000000c067a3c33f00000040594c9fbf00000020e880803f000000e0ff95cfbf000000a0ece0ad3f000000e0c592c13f000000004bcc85bf00000000c823b43f00000000eefa56bf947494622e),
('986874534', 'Della', 'KSRK', 'static/img/986874534.jpeg', '2025-12-01 02:37:52.000000', '2025-12-01 02:37:52.000000', 'della@gmail.com', 1, 'pbkdf2_sha256$600000$xmURwF9UmUwo05iw3KwUi7$L7aPz1Bb0mBUm4+vrouAlzwnNQSv2niVHmLpPHt4Ssk=', 0x8004958b040000000000008c156e756d70792e636f72652e6d756c74696172726179948c0c5f7265636f6e7374727563749493948c056e756d7079948c076e6461727261799493944b0085944301629487945294284b014b80859468038c0564747970659493948c02663894898887945294284b038c013c944e4e4e4affffffff4affffffff4b0074946289420004000000000000b8f4bbbf000000208517ae3f000000a0053dab3f000000c0f9d1b9bf00000040059bc1bf000000c031cbbbbf000000007c74adbf000000a013deb9bf000000c0c0f0c83f000000602258c2bf000000009c35c93f000000605dadaebf000000202b66c3bf00000020c16791bf000000806c2e82bf000000200a8ece3f000000207685c9bf0000002076c1c8bf000000c05a5bb9bf000000a07e8eb1bf00000060b18b833f00000080d573a2bf0000000094eca03f000000403991b13f000000802627bebf000000c04278d8bf000000c0c417b6bf0000002035ceb5bf000000c022b4763f00000060f522afbf00000080c67c9dbf000000e0e8feb63f00000060cbe6cbbf00000080e819b1bf000000c01657a53f0000002098febf3f000000c08121953f00000060e885bebf00000080e616c43f000000c0bc3db6bf000000e0ffbed4bf000000c016959cbf000000205fa0c13f000000803d66c33f00000040fee0c93f000000a003e873bf000000806f377d3f000000a06671c0bf00000000a0cac03f000000a07eeec1bf00000000717f963f00000080b163b83f00000020e675a23f000000807fa2ae3f0000008048789f3f000000805968c0bf000000004469b03f0000004088f6bb3f00000040856ac2bf00000000e29db5bf00000040ddf3b33f000000e0b68bb4bf00000040350492bf00000040bb09babf00000060efbfce3f000000405232c03f000000003e1fb7bf000000000031c5bf00000020276bc13f000000e0249dc5bf000000007d2ea6bf000000c08107a33f000000e0660fc3bf000000c0733fc3bf000000400a01d5bf000000407b22acbf000000003ab7d83f00000020d6c2b23f00000040c89cc3bf0000000051cfb33f000000e0c2ba92bf000000808a629ebf000000202707b43f000000805241c73f0000000091a8a6bf00000020ceefb03f000000008dfbb2bf000000e0ac359b3f000000e03b86d03f000000c0567ca3bf000000206ae472bf000000e0b91fc43f00000040a8a8a5bf0000000020f0ae3f00000020d61fa03f000000c07431b03f00000000da90bdbf000000208981893f00000000c69ac4bf000000801fa47ebf00000000644f843f0000004036ad753f000000e0e751b0bf0000000039f4bb3f000000008769c1bf000000002282ad3f000000002d4480bf000000206758943f00000000c39099bf000000e0460aae3f0000008071de99bf000000a050ddc3bf000000a09697b93f000000c09dc4c1bf000000c0ddd3c43f0000008055f8c73f000000a08ddd75bf00000040a10fc23f000000c0319bb83f000000a063e3bb3f0000000061f099bf00000080d06582bf000000a0bba3c8bf000000606d3c933f000000207f16ba3f00000040d28da3bf000000207d76b83f0000004040c79d3f947494622e);

-- --------------------------------------------------------

--
-- Struktur dari tabel `auth_group`
--

CREATE TABLE `auth_group` (
  `id` int(11) NOT NULL,
  `name` varchar(150) NOT NULL
) ENGINE=InnoDB DEFAULT CHARSET=utf8mb4;

-- --------------------------------------------------------

--
-- Struktur dari tabel `auth_group_permissions`
--

CREATE TABLE `auth_group_permissions` (
  `id` bigint(20) NOT NULL,
  `group_id` int(11) NOT NULL,
  `permission_id` int(11) NOT NULL
) ENGINE=InnoDB DEFAULT CHARSET=utf8mb4;

-- --------------------------------------------------------

--
-- Struktur dari tabel `auth_permission`
--

CREATE TABLE `auth_permission` (
  `id` int(11) NOT NULL,
  `name` varchar(255) NOT NULL,
  `content_type_id` int(11) NOT NULL,
  `codename` varchar(100) NOT NULL
) ENGINE=InnoDB DEFAULT CHARSET=utf8mb4;

--
-- Dumping data untuk tabel `auth_permission`
--

INSERT INTO `auth_permission` (`id`, `name`, `content_type_id`, `codename`) VALUES
(1, 'Can add log entry', 1, 'add_logentry'),
(2, 'Can change log entry', 1, 'change_logentry'),
(3, 'Can delete log entry', 1, 'delete_logentry'),
(4, 'Can view log entry', 1, 'view_logentry'),
(5, 'Can add permission', 2, 'add_permission'),
(6, 'Can change permission', 2, 'change_permission'),
(7, 'Can delete permission', 2, 'delete_permission'),
(8, 'Can view permission', 2, 'view_permission'),
(9, 'Can add group', 3, 'add_group'),
(10, 'Can change group', 3, 'change_group'),
(11, 'Can delete group', 3, 'delete_group'),
(12, 'Can view group', 3, 'view_group'),
(13, 'Can add user', 4, 'add_user'),
(14, 'Can change user', 4, 'change_user'),
(15, 'Can delete user', 4, 'delete_user'),
(16, 'Can view user', 4, 'view_user'),
(17, 'Can add content type', 5, 'add_contenttype'),
(18, 'Can change content type', 5, 'change_contenttype'),
(19, 'Can delete content type', 5, 'delete_contenttype'),
(20, 'Can view content type', 5, 'view_contenttype'),
(21, 'Can add session', 6, 'add_session'),
(22, 'Can change session', 6, 'change_session'),
(23, 'Can delete session', 6, 'delete_session'),
(24, 'Can view session', 6, 'view_session'),
(25, 'Can add admins', 7, 'add_admins'),
(26, 'Can change admins', 7, 'change_admins'),
(27, 'Can delete admins', 7, 'delete_admins'),
(28, 'Can view admins', 7, 'view_admins'),
(29, 'Can add out absences', 8, 'add_outabsences'),
(30, 'Can change out absences', 8, 'change_outabsences'),
(31, 'Can delete out absences', 8, 'delete_outabsences'),
(32, 'Can view out absences', 8, 'view_outabsences'),
(33, 'Can add users', 9, 'add_users'),
(34, 'Can change users', 9, 'change_users'),
(35, 'Can delete users', 9, 'delete_users'),
(36, 'Can view users', 9, 'view_users'),
(37, 'Can add in absences', 10, 'add_inabsences'),
(38, 'Can change in absences', 10, 'change_inabsences'),
(39, 'Can delete in absences', 10, 'delete_inabsences'),
(40, 'Can view in absences', 10, 'view_inabsences');

-- --------------------------------------------------------

--
-- Struktur dari tabel `auth_user`
--

CREATE TABLE `auth_user` (
  `id` int(11) NOT NULL,
  `password` varchar(128) NOT NULL,
  `last_login` datetime(6) DEFAULT NULL,
  `is_superuser` tinyint(1) NOT NULL,
  `username` varchar(150) NOT NULL,
  `first_name` varchar(150) NOT NULL,
  `last_name` varchar(150) NOT NULL,
  `email` varchar(254) NOT NULL,
  `is_staff` tinyint(1) NOT NULL,
  `is_active` tinyint(1) NOT NULL,
  `date_joined` datetime(6) NOT NULL
) ENGINE=InnoDB DEFAULT CHARSET=utf8mb4;

-- --------------------------------------------------------

--
-- Struktur dari tabel `auth_user_groups`
--

CREATE TABLE `auth_user_groups` (
  `id` bigint(20) NOT NULL,
  `user_id` int(11) NOT NULL,
  `group_id` int(11) NOT NULL
) ENGINE=InnoDB DEFAULT CHARSET=utf8mb4;

-- --------------------------------------------------------

--
-- Struktur dari tabel `auth_user_user_permissions`
--

CREATE TABLE `auth_user_user_permissions` (
  `id` bigint(20) NOT NULL,
  `user_id` int(11) NOT NULL,
  `permission_id` int(11) NOT NULL
) ENGINE=InnoDB DEFAULT CHARSET=utf8mb4;

-- --------------------------------------------------------

--
-- Struktur dari tabel `cms_leaverequests`
--

CREATE TABLE `cms_leaverequests` (
  `id` int(11) NOT NULL,
  `start_date` date NOT NULL,
  `end_date` date NOT NULL,
  `reason` text DEFAULT NULL,
  `status` varchar(20) NOT NULL DEFAULT 'Pending',
  `created_at` timestamp NOT NULL DEFAULT current_timestamp(),
  `updated_at` timestamp NOT NULL DEFAULT current_timestamp(),
  `leave_type_id` int(11) NOT NULL,
  `nik_id` varchar(255) NOT NULL,
  `photo` varchar(100) NOT NULL DEFAULT 'placeholder.png',
  `note` text DEFAULT NULL
) ENGINE=InnoDB DEFAULT CHARSET=utf8mb4;

--
-- Dumping data untuk tabel `cms_leaverequests`
--

INSERT INTO `cms_leaverequests` (`id`, `start_date`, `end_date`, `reason`, `status`, `created_at`, `updated_at`, `leave_type_id`, `nik_id`, `photo`, `note`) VALUES
(21, '2025-12-12', '2025-12-12', 'ognarnlga ', 'Approved', '2025-12-07 22:15:58', '2025-12-07 22:27:39', 2, '968354235', 'static/cuti_img/Miclhingsyen_1_ILbyOaw.png', 'None'),
(22, '2025-12-10', '2025-12-11', '', 'Approved', '2025-12-07 22:30:22', '2025-12-07 22:32:23', 2, '2142101951', 'static/cuti_img/Miclhingsyen_3ksLDyC.png', 'None'),
(23, '2025-12-17', '2025-12-18', '', 'Approved', '2025-12-07 22:33:32', '2025-12-07 23:17:28', 2, '3685362', 'static/cuti_img/Miclhingsyen_yTBpxFt.png', 'None'),
(24, '2025-12-17', '2025-12-17', 'frgtyju greagr', 'Approved', '2025-12-07 23:27:03', '2025-12-07 23:29:55', 2, '684535', 'static/cuti_img/Miclhingsyen_EuupylR.png', 'None'),
(25, '2025-12-13', '2025-12-13', 'y5trfg sgest', 'Approved', '2025-12-07 23:45:00', '2025-12-07 23:57:56', 2, '2142101951', 'static/cuti_img/Miclhingsyen_SAaqY2d.png', 'None'),
(26, '2025-12-15', '2025-12-16', 'Sayang anak, sayang istri, sayang keluarga', 'Approved', '2025-12-11 18:14:17', '2025-12-11 18:19:18', 2, '2142101951', '', 'Divisi: anak e sopo, istri e sopo, keluarga e sopo ? \r\nHRD: josss tenan iki, sayang keluarga!!!!!'),
(27, '2025-12-24', '2025-12-25', 'Nyobo cuti, ben reti rasane cuti', 'Rejected', '2025-12-11 20:00:14', '2025-12-11 20:02:11', 2, '2142101951', '', 'Ra oleh, rasah nyobo\"');

-- --------------------------------------------------------

--
-- Struktur dari tabel `cms_mappingschedules`
--

CREATE TABLE `cms_mappingschedules` (
  `id` varchar(100) NOT NULL,
  `date` date NOT NULL,
  `created_at` datetime(6) NOT NULL DEFAULT current_timestamp(6),
  `updated_at` datetime(6) NOT NULL DEFAULT current_timestamp(6) ON UPDATE current_timestamp(6),
  `nik_id` varchar(20) NOT NULL,
  `schedule_id` varchar(100) NOT NULL
) ENGINE=InnoDB DEFAULT CHARSET=utf8mb4;

--
-- Dumping data untuk tabel `cms_mappingschedules`
--

INSERT INTO `cms_mappingschedules` (`id`, `date`, `created_at`, `updated_at`, `nik_id`, `schedule_id`) VALUES
('2142101951_2025-12-08', '2025-12-08', '2025-12-08 05:14:17.000000', '2025-12-12 03:42:21.000000', '2142101951', 'S001'),
('2142101951_2025-12-09', '2025-12-09', '2025-12-08 05:14:17.000000', '2025-12-12 03:42:21.000000', '2142101951', 'S001'),
('2142101951_2025-12-10', '2025-12-10', '2025-12-08 05:14:17.000000', '2025-12-12 03:42:21.000000', '2142101951', 'CUTI'),
('2142101951_2025-12-11', '2025-12-11', '2025-12-08 05:14:17.000000', '2025-12-12 03:42:21.000000', '2142101951', 'CUTI'),
('2142101951_2025-12-12', '2025-12-12', '2025-12-08 05:14:17.000000', '2025-12-12 03:42:21.000000', '2142101951', 'S001'),
('2142101951_2025-12-13', '2025-12-13', '2025-12-08 06:44:21.000000', '2025-12-12 03:42:22.000000', '2142101951', 'CUTI'),
('2142101951_2025-12-15', '2025-12-15', '2025-12-12 01:19:18.000000', '2025-12-12 03:42:22.000000', '2142101951', 'CUTI'),
('2142101951_2025-12-16', '2025-12-16', '2025-12-12 01:19:18.000000', '2025-12-12 03:42:22.000000', '2142101951', 'CUTI'),
('285264254_2025-12-11', '2025-12-11', '2025-12-11 06:02:40.000000', '2025-12-12 03:42:22.000000', '285264254', 'P001'),
('63543545_2025-12-11', '2025-12-11', '2025-12-11 06:02:41.000000', '2025-12-12 03:42:22.000000', '63543545', 'LIBUR'),
('684535_2025-12-08', '2025-12-08', '2025-12-08 05:14:17.000000', '2025-12-12 03:42:22.000000', '684535', 'P001'),
('684535_2025-12-09', '2025-12-09', '2025-12-08 05:14:17.000000', '2025-12-12 03:42:22.000000', '684535', 'P001'),
('684535_2025-12-10', '2025-12-10', '2025-12-08 05:14:17.000000', '2025-12-12 03:42:22.000000', '684535', 'LIBUR'),
('684535_2025-12-11', '2025-12-11', '2025-12-08 05:14:17.000000', '2025-12-12 03:42:22.000000', '684535', 'P001'),
('684535_2025-12-12', '2025-12-12', '2025-12-08 05:14:17.000000', '2025-12-12 03:42:22.000000', '684535', 'P001'),
('684535_2025-12-17', '2025-12-17', '2025-12-08 06:29:55.000000', '2025-12-12 03:42:22.000000', '684535', 'CUTI'),
('77777777_2025-12-12', '2025-12-12', '2025-12-12 03:42:22.000000', '2025-12-12 03:42:22.000000', '77777777', 'S001'),
('895639563_2025-12-11', '2025-12-11', '2025-12-11 06:02:41.000000', '2025-12-12 03:42:22.000000', '895639563', 'S001'),
('968354235_2025-12-11', '2025-12-11', '2025-12-11 06:02:41.000000', '2025-12-12 03:42:22.000000', '968354235', 'M001'),
('968354235_2025-12-12', '2025-12-12', '2025-12-08 05:27:39.000000', '2025-12-12 03:42:22.000000', '968354235', 'CUTI');

-- --------------------------------------------------------

--
-- Struktur dari tabel `cms_masterdivisions`
--

CREATE TABLE `cms_masterdivisions` (
  `id` varchar(100) NOT NULL,
  `name` varchar(100) NOT NULL,
  `created_at` datetime(6) NOT NULL,
  `updated_at` datetime(6) NOT NULL
) ENGINE=InnoDB DEFAULT CHARSET=utf8mb4;

--
-- Dumping data untuk tabel `cms_masterdivisions`
--

INSERT INTO `cms_masterdivisions` (`id`, `name`, `created_at`, `updated_at`) VALUES
('IT', 'IT dan SIMRS', '2025-11-18 14:18:49.000000', '2025-11-28 04:37:18.000000'),
('KJDR', 'Kesehatan Jasmani Dan Rohani', '2025-11-18 09:31:02.000000', '2025-11-19 02:31:27.000000'),
('KSRK', 'Kasir Dan Keuangan', '2025-11-18 08:41:55.000000', '2025-11-18 08:41:55.000000'),
('MBG', 'Makan Siang Gratis', '2025-11-18 08:24:31.000000', '2025-11-18 08:24:31.000000'),
('PSRS', 'Persatuan Sumber Rejeki Sejahtera', '2025-11-18 08:29:29.000000', '2025-11-18 08:29:29.000000');

-- --------------------------------------------------------

--
-- Struktur dari tabel `cms_masterleaves`
--

CREATE TABLE `cms_masterleaves` (
  `id` int(11) NOT NULL,
  `name` varchar(100) NOT NULL,
  `default_quota` int(11) NOT NULL DEFAULT 0,
  `auto_days` int(11) DEFAULT NULL,
  `created_at` timestamp NOT NULL DEFAULT current_timestamp(),
  `updated_at` timestamp NOT NULL DEFAULT current_timestamp()
) ENGINE=InnoDB DEFAULT CHARSET=utf8mb4;

--
-- Dumping data untuk tabel `cms_masterleaves`
--

INSERT INTO `cms_masterleaves` (`id`, `name`, `default_quota`, `auto_days`, `created_at`, `updated_at`) VALUES
(2, 'Cuti Tahunan', 12, 0, '2025-11-23 23:49:17', '2025-12-07 23:44:38'),
(3, 'Cuti Sembarang', 2, 0, '2025-11-24 21:24:20', '2025-11-24 21:24:20'),
(4, 'Cuti Menikah', 0, 30, '2025-11-26 00:33:00', '2025-12-05 00:23:43');

-- --------------------------------------------------------

--
-- Struktur dari tabel `cms_masterschedules`
--

CREATE TABLE `cms_masterschedules` (
  `id` varchar(100) NOT NULL,
  `name` varchar(100) NOT NULL,
  `start_time` time(6) NOT NULL,
  `end_time` time(6) NOT NULL,
  `created_at` datetime(6) NOT NULL,
  `updated_at` datetime(6) NOT NULL
) ENGINE=InnoDB DEFAULT CHARSET=utf8mb4;

--
-- Dumping data untuk tabel `cms_masterschedules`
--

INSERT INTO `cms_masterschedules` (`id`, `name`, `start_time`, `end_time`, `created_at`, `updated_at`) VALUES
('CUTI', 'Cuti', '00:00:00.000000', '00:00:00.000000', '2025-11-25 08:21:43.000000', '2025-12-08 02:32:15.000000'),
('LIBUR', 'Libur', '00:00:00.000000', '00:00:00.000000', '2025-12-08 02:32:06.000000', '2025-12-08 02:32:06.000000'),
('M001', 'Malam', '21:30:00.000000', '07:30:00.000000', '2025-11-19 06:08:20.000000', '2025-11-23 09:58:09.000000'),
('P001', 'Pagi', '07:30:00.000000', '14:30:00.000000', '2025-11-19 06:07:36.000000', '2025-11-19 06:07:36.000000'),
('S001', 'Siang', '14:30:00.000000', '21:30:00.000000', '2025-11-19 06:07:58.000000', '2025-11-21 15:40:36.000000');

-- --------------------------------------------------------

--
-- Struktur dari tabel `django_admin_log`
--

CREATE TABLE `django_admin_log` (
  `id` int(11) NOT NULL,
  `action_time` datetime(6) NOT NULL,
  `object_id` longtext DEFAULT NULL,
  `object_repr` varchar(200) NOT NULL,
  `action_flag` smallint(5) UNSIGNED NOT NULL CHECK (`action_flag` >= 0),
  `change_message` longtext NOT NULL,
  `content_type_id` int(11) DEFAULT NULL,
  `user_id` int(11) NOT NULL
) ENGINE=InnoDB DEFAULT CHARSET=utf8mb4;

-- --------------------------------------------------------

--
-- Struktur dari tabel `django_content_type`
--

CREATE TABLE `django_content_type` (
  `id` int(11) NOT NULL,
  `app_label` varchar(100) NOT NULL,
  `model` varchar(100) NOT NULL
) ENGINE=InnoDB DEFAULT CHARSET=utf8mb4;

--
-- Dumping data untuk tabel `django_content_type`
--

INSERT INTO `django_content_type` (`id`, `app_label`, `model`) VALUES
(1, 'admin', 'logentry'),
(7, 'app', 'admins'),
(10, 'app', 'inabsences'),
(8, 'app', 'outabsences'),
(9, 'app', 'users'),
(3, 'auth', 'group'),
(2, 'auth', 'permission'),
(4, 'auth', 'user'),
(5, 'contenttypes', 'contenttype'),
(6, 'sessions', 'session');

-- --------------------------------------------------------

--
-- Struktur dari tabel `django_migrations`
--

CREATE TABLE `django_migrations` (
  `id` bigint(20) NOT NULL,
  `app` varchar(255) NOT NULL,
  `name` varchar(255) NOT NULL,
  `applied` datetime(6) NOT NULL
) ENGINE=InnoDB DEFAULT CHARSET=utf8mb4;

--
-- Dumping data untuk tabel `django_migrations`
--

INSERT INTO `django_migrations` (`id`, `app`, `name`, `applied`) VALUES
(1, 'contenttypes', '0001_initial', '2025-11-17 02:01:53.481826'),
(2, 'auth', '0001_initial', '2025-11-17 02:01:55.397788'),
(3, 'admin', '0001_initial', '2025-11-17 02:01:55.668004'),
(4, 'admin', '0002_logentry_remove_auto_add', '2025-11-17 02:01:55.765702'),
(5, 'admin', '0003_logentry_add_action_flag_choices', '2025-11-17 02:01:55.788741'),
(6, 'contenttypes', '0002_remove_content_type_name', '2025-11-17 02:01:55.934368'),
(7, 'auth', '0002_alter_permission_name_max_length', '2025-11-17 02:01:56.071481'),
(8, 'auth', '0003_alter_user_email_max_length', '2025-11-17 02:01:56.134747'),
(9, 'auth', '0004_alter_user_username_opts', '2025-11-17 02:01:56.183844'),
(10, 'auth', '0005_alter_user_last_login_null', '2025-11-17 02:01:56.341176'),
(11, 'auth', '0006_require_contenttypes_0002', '2025-11-17 02:01:56.358938'),
(12, 'auth', '0007_alter_validators_add_error_messages', '2025-11-17 02:01:56.393105'),
(13, 'auth', '0008_alter_user_username_max_length', '2025-11-17 02:01:56.467955'),
(14, 'auth', '0009_alter_user_last_name_max_length', '2025-11-17 02:01:56.519380'),
(15, 'auth', '0010_alter_group_name_max_length', '2025-11-17 02:01:56.605327'),
(16, 'auth', '0011_update_proxy_permissions', '2025-11-17 02:01:56.638523'),
(17, 'auth', '0012_alter_user_first_name_max_length', '2025-11-17 02:01:56.689808'),
(18, 'sessions', '0001_initial', '2025-11-17 02:01:56.784359'),
(19, 'app', '0001_initial', '2025-11-17 02:27:44.765020');

-- --------------------------------------------------------

--
-- Struktur dari tabel `django_session`
--

CREATE TABLE `django_session` (
  `session_key` varchar(40) NOT NULL,
  `session_data` longtext NOT NULL,
  `expire_date` datetime(6) NOT NULL
) ENGINE=InnoDB DEFAULT CHARSET=utf8mb4;

--
-- Dumping data untuk tabel `django_session`
--

INSERT INTO `django_session` (`session_key`, `session_data`, `expire_date`) VALUES
('8r691q516d5p86wj1axr5urpoj4kfbuh', 'eyJpc19hZG1pbiI6MCwibmlrX2lkIjoiNzc3Nzc3NzcifQ:1vTuQI:YjgRWEYCAD9M_pCaKznckypt2s84ESkmTxsYcajB_8s', '2025-12-26 04:06:30.000000'),
('9qixirsomkakaw4a2s8n03l35o5py17h', 'eyJpc19hZG1pbiI6MiwibmlrX2lkIjoiMjE0MjEwMTk1MSJ9:1vOWaK:lWc_kQLfcCIdl78G6GnGZMUdDEmTXbYbzBQhrRu2_UI', '2025-12-11 07:38:36.000000'),
('a3la71bex42efisfpgjtpoxiaizwd8lo', 'eyJuaWtfaWQiOiIyMTQyMTAxOTUxIiwiaXNfYWRtaW4iOjJ9:1vOHGr:xe0I2_LSBJ-NZddHaGiuphGFyRoqBjQadsgS9TOBuJg', '2025-12-10 15:17:29.000000'),
('belme4pb3zh291e25om8dpvs5gionqdl', 'eyJpc19hZG1pbiI6MiwibmlrX2lkIjoiMjE0MjEwMTk1MSJ9:1vO6Rh:2DXz04zaDPHm_WZ2vfF1orrBtFrWgeMTU1HZDgxVYak', '2025-12-10 03:43:57.000000'),
('bmtnvpwozvmto52vt72lvreicw1vhbar', 'eyJuaWtfaWQiOiIyMTQyMTAxOTUxIn0:1vMLEA:oaBOVNmi7cqO82Cfuwa3KW6fhXE0uYWg7FGxT4YFPFc', '2025-12-05 07:06:42.000000'),
('dujunu3nlo976ps55ejzshq1uod39d66', 'eyJuaWtfaWQiOiIyMTQyMTAxOTUxIiwiaXNfYWRtaW4iOjJ9:1vOXzK:YpgYTHPZ-rePe_E6ZS45H-27w9urfiHDti0A1wuccro', '2025-12-11 09:08:30.000000'),
('e7eygop133nsoym6nepik8k186bqd3av', 'eyJpc19hZG1pbiI6MiwibmlrX2lkIjoiMjE0MjEwMTk1MSJ9:1vTEdF:GNcDYCRzMr6qkJ4rEtesTi342tV0KHQhvjx3WNyg5PE', '2025-12-24 07:29:05.000000'),
('ez1wapbt41oc46n1un8c8gkw90qiphjf', 'eyJpc19hZG1pbiI6MiwibmlrX2lkIjoiMjE0MjEwMTk1MSJ9:1vSsex:5e8J8BXod8LqKCMYdxnVfct7WCphqUhYo0aIckPoMv8', '2025-12-23 08:01:23.000000'),
('il70hwyfuhq1uvfuhzgsl7z3an8y2amc', 'eyJpc19hZG1pbiI6MCwibmlrX2lkIjoiNzc3Nzc3NzcifQ:1vTu5a:Ml3u4AqjT_IVHxZd5x7JhZiBi_XtGnRlfVnRLm_MDxk', '2025-12-26 03:45:06.000000'),
('jfeat5cjqh8r4tdy4xv2vlam99hxdid3', 'eyJuaWtfaWQiOiIyMTQyMTAxOTUxIn0:1vLCCl:dIF3bvw8EXpR8b-k_hepSHC7bd5dD7K4PspZl75uULo', '2025-12-02 03:16:31.000000'),
('khusqem7ylej56lo7xltjcg0n239hxk8', 'eyJpc19zdXBlcmFkbWluIjp0cnVlLCJpc19hZG1pbiI6Mn0:1vPA1E:Wx85vU9KabARBQux7FpP2y9izEPp8wKJTWu_lnnSghM', '2025-12-13 01:45:00.000000'),
('mnai12w52lrxqjeaggzuamr0019yjvmu', 'eyJuaWtfaWQiOiIyMTQyMTAxOTUxIiwiaXNfYWRtaW4iOjJ9:1vPFNo:dzDYZSkxcPygBr-JNceYXjUqWuZRn2DO2Vti6o1JAGA', '2025-12-13 07:28:40.000000'),
('o526ir73x6ivgbmsoyn2q4473xmh2dep', 'eyJuaWtfaWQiOiIyMTQyMTAxOTUxIiwiaXNfYWRtaW4iOjJ9:1vOUIy:iAT4EeT48ajQHmQQGOVh9eDCAYijYzIOWhPmEW8jwG4', '2025-12-11 05:12:32.000000'),
('smlfk2v6j6y521lpo3m53rl2krvtn75h', 'eyJuaWtfaWQiOiIyMTQyMTAxOTUxIiwiaXNfYWRtaW4iOjJ9:1vOTZE:ch2dGoKI0_n6hOxbJGVcuvt7km089ag-YP14yIgJEGQ', '2025-12-11 04:25:16.000000'),
('spl6stuifodiw1qxzrwf6zash93971ov', 'eyJpc19hZG1pbiI6MiwibmlrX2lkIjoiMjE0MjEwMTk1MSJ9:1vOH2W:XkXPYjUlnPsMEfQTaSZ4nL66Y0jjsPXZePECmXG_CNk', '2025-12-10 15:02:40.000000'),
('y5tlm4cmc17cg3vqg6srlm12iaxhjvgy', 'eyJpc19hZG1pbiI6MiwibmlrX2lkIjoiMjE0MjEwMTk1MSJ9:1vTFSY:0ph0NBb3o_AoNc92cvAJrzRSIKsVpLVh8aLtzx1Z14o', '2025-12-24 08:22:06.000000');

--
-- Indexes for dumped tables
--

--
-- Indeks untuk tabel `app_admins`
--
ALTER TABLE `app_admins`
  ADD PRIMARY KEY (`id`),
  ADD UNIQUE KEY `username` (`username`),
  ADD KEY `app_admins_nik_id_f165fe92_fk_app_users_nik` (`nik_id`);

--
-- Indeks untuk tabel `app_inabsences`
--
ALTER TABLE `app_inabsences`
  ADD PRIMARY KEY (`id`),
  ADD KEY `app_inabsences_nik_id_3afad4b3_fk_app_users_nik` (`nik_id`);

--
-- Indeks untuk tabel `app_outabsences`
--
ALTER TABLE `app_outabsences`
  ADD PRIMARY KEY (`id`),
  ADD KEY `app_outabsences_nik_id_6545598d_fk_app_users_nik` (`nik_id`);

--
-- Indeks untuk tabel `app_users`
--
ALTER TABLE `app_users`
  ADD PRIMARY KEY (`nik`),
  ADD UNIQUE KEY `email` (`email`);

--
-- Indeks untuk tabel `auth_group`
--
ALTER TABLE `auth_group`
  ADD PRIMARY KEY (`id`),
  ADD UNIQUE KEY `name` (`name`);

--
-- Indeks untuk tabel `auth_group_permissions`
--
ALTER TABLE `auth_group_permissions`
  ADD PRIMARY KEY (`id`),
  ADD UNIQUE KEY `auth_group_permissions_group_id_permission_id_0cd325b0_uniq` (`group_id`,`permission_id`),
  ADD KEY `auth_group_permissio_permission_id_84c5c92e_fk_auth_perm` (`permission_id`);

--
-- Indeks untuk tabel `auth_permission`
--
ALTER TABLE `auth_permission`
  ADD PRIMARY KEY (`id`),
  ADD UNIQUE KEY `auth_permission_content_type_id_codename_01ab375a_uniq` (`content_type_id`,`codename`);

--
-- Indeks untuk tabel `auth_user`
--
ALTER TABLE `auth_user`
  ADD PRIMARY KEY (`id`),
  ADD UNIQUE KEY `username` (`username`);

--
-- Indeks untuk tabel `auth_user_groups`
--
ALTER TABLE `auth_user_groups`
  ADD PRIMARY KEY (`id`),
  ADD UNIQUE KEY `auth_user_groups_user_id_group_id_94350c0c_uniq` (`user_id`,`group_id`),
  ADD KEY `auth_user_groups_group_id_97559544_fk_auth_group_id` (`group_id`);

--
-- Indeks untuk tabel `auth_user_user_permissions`
--
ALTER TABLE `auth_user_user_permissions`
  ADD PRIMARY KEY (`id`),
  ADD UNIQUE KEY `auth_user_user_permissions_user_id_permission_id_14a6b632_uniq` (`user_id`,`permission_id`),
  ADD KEY `auth_user_user_permi_permission_id_1fbb5f2c_fk_auth_perm` (`permission_id`);

--
-- Indeks untuk tabel `cms_leaverequests`
--
ALTER TABLE `cms_leaverequests`
  ADD PRIMARY KEY (`id`),
  ADD KEY `leave_type_id` (`leave_type_id`),
  ADD KEY `nik_id` (`nik_id`);

--
-- Indeks untuk tabel `cms_mappingschedules`
--
ALTER TABLE `cms_mappingschedules`
  ADD PRIMARY KEY (`id`),
  ADD KEY `nik_id` (`nik_id`),
  ADD KEY `schedule_id` (`schedule_id`);

--
-- Indeks untuk tabel `cms_masterdivisions`
--
ALTER TABLE `cms_masterdivisions`
  ADD PRIMARY KEY (`id`),
  ADD UNIQUE KEY `name` (`name`);

--
-- Indeks untuk tabel `cms_masterleaves`
--
ALTER TABLE `cms_masterleaves`
  ADD PRIMARY KEY (`id`);

--
-- Indeks untuk tabel `cms_masterschedules`
--
ALTER TABLE `cms_masterschedules`
  ADD PRIMARY KEY (`id`),
  ADD UNIQUE KEY `name` (`name`);

--
-- Indeks untuk tabel `django_admin_log`
--
ALTER TABLE `django_admin_log`
  ADD PRIMARY KEY (`id`),
  ADD KEY `django_admin_log_content_type_id_c4bce8eb_fk_django_co` (`content_type_id`),
  ADD KEY `django_admin_log_user_id_c564eba6_fk_auth_user_id` (`user_id`);

--
-- Indeks untuk tabel `django_content_type`
--
ALTER TABLE `django_content_type`
  ADD PRIMARY KEY (`id`),
  ADD UNIQUE KEY `django_content_type_app_label_model_76bd3d3b_uniq` (`app_label`,`model`);

--
-- Indeks untuk tabel `django_migrations`
--
ALTER TABLE `django_migrations`
  ADD PRIMARY KEY (`id`);

--
-- Indeks untuk tabel `django_session`
--
ALTER TABLE `django_session`
  ADD PRIMARY KEY (`session_key`),
  ADD KEY `django_session_expire_date_a5c62663` (`expire_date`);

--
-- AUTO_INCREMENT untuk tabel yang dibuang
--

--
-- AUTO_INCREMENT untuk tabel `app_admins`
--
ALTER TABLE `app_admins`
  MODIFY `id` int(11) NOT NULL AUTO_INCREMENT, AUTO_INCREMENT=2;

--
-- AUTO_INCREMENT untuk tabel `app_inabsences`
--
ALTER TABLE `app_inabsences`
  MODIFY `id` int(11) NOT NULL AUTO_INCREMENT, AUTO_INCREMENT=46576;

--
-- AUTO_INCREMENT untuk tabel `app_outabsences`
--
ALTER TABLE `app_outabsences`
  MODIFY `id` int(11) NOT NULL AUTO_INCREMENT;

--
-- AUTO_INCREMENT untuk tabel `auth_group`
--
ALTER TABLE `auth_group`
  MODIFY `id` int(11) NOT NULL AUTO_INCREMENT;

--
-- AUTO_INCREMENT untuk tabel `auth_group_permissions`
--
ALTER TABLE `auth_group_permissions`
  MODIFY `id` bigint(20) NOT NULL AUTO_INCREMENT;

--
-- AUTO_INCREMENT untuk tabel `auth_permission`
--
ALTER TABLE `auth_permission`
  MODIFY `id` int(11) NOT NULL AUTO_INCREMENT, AUTO_INCREMENT=41;

--
-- AUTO_INCREMENT untuk tabel `auth_user`
--
ALTER TABLE `auth_user`
  MODIFY `id` int(11) NOT NULL AUTO_INCREMENT;

--
-- AUTO_INCREMENT untuk tabel `auth_user_groups`
--
ALTER TABLE `auth_user_groups`
  MODIFY `id` bigint(20) NOT NULL AUTO_INCREMENT;

--
-- AUTO_INCREMENT untuk tabel `auth_user_user_permissions`
--
ALTER TABLE `auth_user_user_permissions`
  MODIFY `id` bigint(20) NOT NULL AUTO_INCREMENT;

--
-- AUTO_INCREMENT untuk tabel `cms_leaverequests`
--
ALTER TABLE `cms_leaverequests`
  MODIFY `id` int(11) NOT NULL AUTO_INCREMENT, AUTO_INCREMENT=28;

--
-- AUTO_INCREMENT untuk tabel `cms_masterleaves`
--
ALTER TABLE `cms_masterleaves`
  MODIFY `id` int(11) NOT NULL AUTO_INCREMENT, AUTO_INCREMENT=5;

--
-- AUTO_INCREMENT untuk tabel `django_admin_log`
--
ALTER TABLE `django_admin_log`
  MODIFY `id` int(11) NOT NULL AUTO_INCREMENT;

--
-- AUTO_INCREMENT untuk tabel `django_content_type`
--
ALTER TABLE `django_content_type`
  MODIFY `id` int(11) NOT NULL AUTO_INCREMENT, AUTO_INCREMENT=11;

--
-- AUTO_INCREMENT untuk tabel `django_migrations`
--
ALTER TABLE `django_migrations`
  MODIFY `id` bigint(20) NOT NULL AUTO_INCREMENT, AUTO_INCREMENT=20;

--
-- Ketidakleluasaan untuk tabel pelimpahan (Dumped Tables)
--

--
-- Ketidakleluasaan untuk tabel `app_admins`
--
ALTER TABLE `app_admins`
  ADD CONSTRAINT `app_admins_nik_id_f165fe92_fk_app_users_nik` FOREIGN KEY (`nik_id`) REFERENCES `app_users` (`nik`);

--
-- Ketidakleluasaan untuk tabel `app_inabsences`
--
ALTER TABLE `app_inabsences`
  ADD CONSTRAINT `app_inabsences_nik_id_3afad4b3_fk_app_users_nik` FOREIGN KEY (`nik_id`) REFERENCES `app_users` (`nik`);

--
-- Ketidakleluasaan untuk tabel `app_outabsences`
--
ALTER TABLE `app_outabsences`
  ADD CONSTRAINT `app_outabsences_nik_id_6545598d_fk_app_users_nik` FOREIGN KEY (`nik_id`) REFERENCES `app_users` (`nik`);

--
-- Ketidakleluasaan untuk tabel `auth_group_permissions`
--
ALTER TABLE `auth_group_permissions`
  ADD CONSTRAINT `auth_group_permissio_permission_id_84c5c92e_fk_auth_perm` FOREIGN KEY (`permission_id`) REFERENCES `auth_permission` (`id`),
  ADD CONSTRAINT `auth_group_permissions_group_id_b120cbf9_fk_auth_group_id` FOREIGN KEY (`group_id`) REFERENCES `auth_group` (`id`);

--
-- Ketidakleluasaan untuk tabel `auth_permission`
--
ALTER TABLE `auth_permission`
  ADD CONSTRAINT `auth_permission_content_type_id_2f476e4b_fk_django_co` FOREIGN KEY (`content_type_id`) REFERENCES `django_content_type` (`id`);

--
-- Ketidakleluasaan untuk tabel `auth_user_groups`
--
ALTER TABLE `auth_user_groups`
  ADD CONSTRAINT `auth_user_groups_group_id_97559544_fk_auth_group_id` FOREIGN KEY (`group_id`) REFERENCES `auth_group` (`id`),
  ADD CONSTRAINT `auth_user_groups_user_id_6a12ed8b_fk_auth_user_id` FOREIGN KEY (`user_id`) REFERENCES `auth_user` (`id`);

--
-- Ketidakleluasaan untuk tabel `auth_user_user_permissions`
--
ALTER TABLE `auth_user_user_permissions`
  ADD CONSTRAINT `auth_user_user_permi_permission_id_1fbb5f2c_fk_auth_perm` FOREIGN KEY (`permission_id`) REFERENCES `auth_permission` (`id`),
  ADD CONSTRAINT `auth_user_user_permissions_user_id_a95ead1b_fk_auth_user_id` FOREIGN KEY (`user_id`) REFERENCES `auth_user` (`id`);

--
-- Ketidakleluasaan untuk tabel `cms_leaverequests`
--
ALTER TABLE `cms_leaverequests`
  ADD CONSTRAINT `cms_leaverequests_ibfk_1` FOREIGN KEY (`leave_type_id`) REFERENCES `cms_masterleaves` (`id`) ON DELETE CASCADE,
  ADD CONSTRAINT `cms_leaverequests_ibfk_2` FOREIGN KEY (`nik_id`) REFERENCES `app_users` (`nik`) ON DELETE CASCADE;

--
-- Ketidakleluasaan untuk tabel `cms_mappingschedules`
--
ALTER TABLE `cms_mappingschedules`
  ADD CONSTRAINT `cms_mappingschedules_ibfk_1` FOREIGN KEY (`nik_id`) REFERENCES `app_users` (`nik`) ON DELETE CASCADE,
  ADD CONSTRAINT `cms_mappingschedules_ibfk_2` FOREIGN KEY (`schedule_id`) REFERENCES `cms_masterschedules` (`id`) ON DELETE CASCADE;

--
-- Ketidakleluasaan untuk tabel `django_admin_log`
--
ALTER TABLE `django_admin_log`
  ADD CONSTRAINT `django_admin_log_content_type_id_c4bce8eb_fk_django_co` FOREIGN KEY (`content_type_id`) REFERENCES `django_content_type` (`id`),
  ADD CONSTRAINT `django_admin_log_user_id_c564eba6_fk_auth_user_id` FOREIGN KEY (`user_id`) REFERENCES `auth_user` (`id`);
COMMIT;

/*!40101 SET CHARACTER_SET_CLIENT=@OLD_CHARACTER_SET_CLIENT */;
/*!40101 SET CHARACTER_SET_RESULTS=@OLD_CHARACTER_SET_RESULTS */;
/*!40101 SET COLLATION_CONNECTION=@OLD_COLLATION_CONNECTION */;
